--
-- PostgreSQL database dump
--

-- Dumped from database version 14.5
-- Dumped by pg_dump version 14.5

-- Started on 2022-12-14 15:45:04 MSK

SET statement_timeout = 0;
SET lock_timeout = 0;
SET idle_in_transaction_session_timeout = 0;
SET client_encoding = 'UTF8';
SET standard_conforming_strings = on;
SELECT pg_catalog.set_config('search_path', '', false);
SET check_function_bodies = false;
SET xmloption = content;
SET client_min_messages = warning;
SET row_security = off;

SET default_tablespace = '';

SET default_table_access_method = heap;

--
-- TOC entry 212 (class 1259 OID 32949)
-- Name: category; Type: TABLE; Schema: public; Owner: postgres
--

CREATE TABLE public.category (
    id integer NOT NULL,
    name character varying(255)
);


ALTER TABLE public.category OWNER TO postgres;

--
-- TOC entry 211 (class 1259 OID 32948)
-- Name: category_id_seq; Type: SEQUENCE; Schema: public; Owner: postgres
--

ALTER TABLE public.category ALTER COLUMN id ADD GENERATED BY DEFAULT AS IDENTITY (
    SEQUENCE NAME public.category_id_seq
    START WITH 1
    INCREMENT BY 1
    NO MINVALUE
    NO MAXVALUE
    CACHE 1
);


--
-- TOC entry 214 (class 1259 OID 32955)
-- Name: image; Type: TABLE; Schema: public; Owner: postgres
--

CREATE TABLE public.image (
    id integer NOT NULL,
    file_name character varying(255),
    product_id integer NOT NULL
);


ALTER TABLE public.image OWNER TO postgres;

--
-- TOC entry 213 (class 1259 OID 32954)
-- Name: image_id_seq; Type: SEQUENCE; Schema: public; Owner: postgres
--

ALTER TABLE public.image ALTER COLUMN id ADD GENERATED BY DEFAULT AS IDENTITY (
    SEQUENCE NAME public.image_id_seq
    START WITH 1
    INCREMENT BY 1
    NO MINVALUE
    NO MAXVALUE
    CACHE 1
);


--
-- TOC entry 220 (class 1259 OID 33013)
-- Name: orders; Type: TABLE; Schema: public; Owner: postgres
--

CREATE TABLE public.orders (
    id integer NOT NULL,
    count integer NOT NULL,
    date_time timestamp without time zone,
    number character varying(255),
    price real NOT NULL,
    status integer,
    person_id integer NOT NULL,
    product_id integer NOT NULL
);


ALTER TABLE public.orders OWNER TO postgres;

--
-- TOC entry 219 (class 1259 OID 33012)
-- Name: orders_id_seq; Type: SEQUENCE; Schema: public; Owner: postgres
--

ALTER TABLE public.orders ALTER COLUMN id ADD GENERATED BY DEFAULT AS IDENTITY (
    SEQUENCE NAME public.orders_id_seq
    START WITH 1
    INCREMENT BY 1
    NO MINVALUE
    NO MAXVALUE
    CACHE 1
);


--
-- TOC entry 210 (class 1259 OID 32847)
-- Name: person; Type: TABLE; Schema: public; Owner: postgres
--

CREATE TABLE public.person (
    id integer NOT NULL,
    login character varying(50),
    password character varying(255),
    role character varying(255)
);


ALTER TABLE public.person OWNER TO postgres;

--
-- TOC entry 209 (class 1259 OID 32846)
-- Name: person_id_seq; Type: SEQUENCE; Schema: public; Owner: postgres
--

ALTER TABLE public.person ALTER COLUMN id ADD GENERATED BY DEFAULT AS IDENTITY (
    SEQUENCE NAME public.person_id_seq
    START WITH 1
    INCREMENT BY 1
    NO MINVALUE
    NO MAXVALUE
    CACHE 1
);


--
-- TOC entry 216 (class 1259 OID 32961)
-- Name: product; Type: TABLE; Schema: public; Owner: postgres
--

CREATE TABLE public.product (
    id integer NOT NULL,
    date_time_of_created timestamp without time zone,
    description text NOT NULL,
    price real NOT NULL,
    seller character varying(255) NOT NULL,
    title text NOT NULL,
    warehouse character varying(255) NOT NULL,
    category_id integer NOT NULL,
    CONSTRAINT product_price_check CHECK ((price >= (1)::double precision))
);


ALTER TABLE public.product OWNER TO postgres;

--
-- TOC entry 218 (class 1259 OID 32997)
-- Name: product_cart; Type: TABLE; Schema: public; Owner: postgres
--

CREATE TABLE public.product_cart (
    id integer NOT NULL,
    person_id integer,
    product_id integer
);


ALTER TABLE public.product_cart OWNER TO postgres;

--
-- TOC entry 217 (class 1259 OID 32996)
-- Name: product_cart_id_seq; Type: SEQUENCE; Schema: public; Owner: postgres
--

ALTER TABLE public.product_cart ALTER COLUMN id ADD GENERATED BY DEFAULT AS IDENTITY (
    SEQUENCE NAME public.product_cart_id_seq
    START WITH 1
    INCREMENT BY 1
    NO MINVALUE
    NO MAXVALUE
    CACHE 1
);


--
-- TOC entry 215 (class 1259 OID 32960)
-- Name: product_id_seq; Type: SEQUENCE; Schema: public; Owner: postgres
--

ALTER TABLE public.product ALTER COLUMN id ADD GENERATED BY DEFAULT AS IDENTITY (
    SEQUENCE NAME public.product_id_seq
    START WITH 1
    INCREMENT BY 1
    NO MINVALUE
    NO MAXVALUE
    CACHE 1
);


--
-- TOC entry 3618 (class 0 OID 32949)
-- Dependencies: 212
-- Data for Name: category; Type: TABLE DATA; Schema: public; Owner: postgres
--

INSERT INTO public.category (id, name) VALUES (1, 'Твёрдый сыр');
INSERT INTO public.category (id, name) VALUES (2, 'Мягкий сыр');
INSERT INTO public.category (id, name) VALUES (3, 'Сыры с плесенью');


--
-- TOC entry 3620 (class 0 OID 32955)
-- Dependencies: 214
-- Data for Name: image; Type: TABLE DATA; Schema: public; Owner: postgres
--

INSERT INTO public.image (id, file_name, product_id) VALUES (1, '48e47104-a92d-4a93-a6a1-41645166eb1c.Снимок экрана 2022-12-11 в 13.54.28.png', 1);
INSERT INTO public.image (id, file_name, product_id) VALUES (2, '821ac48f-afa7-4316-b4f7-e5f39fc3d852.', 1);
INSERT INTO public.image (id, file_name, product_id) VALUES (3, '418cabb8-830a-4cbe-9a9b-599b9b27618f.', 1);
INSERT INTO public.image (id, file_name, product_id) VALUES (4, '9ba13945-831b-40a3-b147-b9dbcf020576.', 1);
INSERT INTO public.image (id, file_name, product_id) VALUES (5, 'cd5488ef-ca1f-410b-9b49-e3aae8e7d5c3.', 1);
INSERT INTO public.image (id, file_name, product_id) VALUES (6, '85b5fe29-a221-4760-a500-9988ba9875c1.Снимок экрана 2022-12-11 в 14.05.46.png', 2);
INSERT INTO public.image (id, file_name, product_id) VALUES (7, 'e644bbc1-1c04-4ce1-9bec-e8af4641191b.', 2);
INSERT INTO public.image (id, file_name, product_id) VALUES (8, '9f07ee7f-2ece-4ff9-ba79-58137ee340ae.', 2);
INSERT INTO public.image (id, file_name, product_id) VALUES (9, 'f96253b1-f8fc-4c54-9096-50295236f2fe.', 2);
INSERT INTO public.image (id, file_name, product_id) VALUES (10, 'e244aa1d-16f3-4ccd-aa51-14092897dfb7.', 2);
INSERT INTO public.image (id, file_name, product_id) VALUES (11, '077b8f8f-d33f-4fe5-b0b4-a5598d5b4a1c.Снимок экрана 2022-12-11 в 14.09.26.png', 3);
INSERT INTO public.image (id, file_name, product_id) VALUES (12, 'd95128d2-a017-4174-a876-d7f1bc3a13bc.', 3);
INSERT INTO public.image (id, file_name, product_id) VALUES (13, '49adc48b-c0a5-4288-adc4-4d1d84bf118f.', 3);
INSERT INTO public.image (id, file_name, product_id) VALUES (14, '1140cc81-bdfd-4704-bdcd-a626676999cc.', 3);
INSERT INTO public.image (id, file_name, product_id) VALUES (15, '9edb0035-949b-4f10-9e45-3aeec22132a4.', 3);
INSERT INTO public.image (id, file_name, product_id) VALUES (16, '7fd3d32c-affc-4129-a77f-c3e14e20a78b.Снимок экрана 2022-12-11 в 14.11.06.png', 4);
INSERT INTO public.image (id, file_name, product_id) VALUES (17, '723c9707-4456-47ef-9df0-5ae3df2f7352.', 4);
INSERT INTO public.image (id, file_name, product_id) VALUES (18, 'c02acdaf-6ee1-4e09-bb9e-1488c89912cd.', 4);
INSERT INTO public.image (id, file_name, product_id) VALUES (19, 'dfce47b8-76c8-4fb5-b37c-8d091e2f04ab.', 4);
INSERT INTO public.image (id, file_name, product_id) VALUES (20, '9d637bcb-247a-4f98-be44-70068f609072.', 4);
INSERT INTO public.image (id, file_name, product_id) VALUES (21, 'e3c77e2f-53ce-4b86-a486-51a357c231e0.Снимок экрана 2022-12-11 в 14.12.16.png', 5);
INSERT INTO public.image (id, file_name, product_id) VALUES (22, 'd825a49f-84cb-4adc-be1e-e405f2adebfc.', 5);
INSERT INTO public.image (id, file_name, product_id) VALUES (23, '387dde8e-cb7e-4b5c-a4da-f02cf4c3d3c8.', 5);
INSERT INTO public.image (id, file_name, product_id) VALUES (24, '9b88e632-7e6b-4f57-a7dc-fec8061d67e9.', 5);
INSERT INTO public.image (id, file_name, product_id) VALUES (25, '638c136a-7fce-49a5-96ec-ff764a1daccb.', 5);
INSERT INTO public.image (id, file_name, product_id) VALUES (26, 'a81fbf9f-6ef2-4aed-8dcd-1ce0de793d6e.Снимок экрана 2022-12-11 в 14.14.18.png', 6);
INSERT INTO public.image (id, file_name, product_id) VALUES (27, 'ba832515-5282-4d00-a286-8d39d85d923e.', 6);
INSERT INTO public.image (id, file_name, product_id) VALUES (28, '658f29c4-ff12-4a49-8f5f-f0f4a7b22b57.', 6);
INSERT INTO public.image (id, file_name, product_id) VALUES (29, '7c5845c9-1e2f-4e9a-93ce-711eefb672e8.', 6);
INSERT INTO public.image (id, file_name, product_id) VALUES (30, '01517405-8988-4c79-8e40-5a6435c63a48.', 6);
INSERT INTO public.image (id, file_name, product_id) VALUES (31, '5b7bb401-1c6a-4a91-b612-8d6e569f2eec.Снимок экрана 2022-12-11 в 14.15.54.png', 7);
INSERT INTO public.image (id, file_name, product_id) VALUES (32, '8940f07c-79d4-411e-a094-2bfa3d197d9c.', 7);
INSERT INTO public.image (id, file_name, product_id) VALUES (33, '9b075e6f-3375-4eb9-8055-14daaa113b71.', 7);
INSERT INTO public.image (id, file_name, product_id) VALUES (34, '63333583-7d72-4ad6-a163-3c6671c45381.', 7);
INSERT INTO public.image (id, file_name, product_id) VALUES (35, '70be5724-73e7-46ac-959c-5a6a3d378c41.', 7);
INSERT INTO public.image (id, file_name, product_id) VALUES (36, '6645cecc-3ca2-485a-8222-e9324af9269e.Снимок экрана 2022-12-11 в 14.17.13.png', 8);
INSERT INTO public.image (id, file_name, product_id) VALUES (37, 'd0631b3f-ac86-4b52-92e3-d649a16362fe.', 8);
INSERT INTO public.image (id, file_name, product_id) VALUES (38, '1b6101a5-d9d1-4b78-a2c3-28f2469f14f7.', 8);
INSERT INTO public.image (id, file_name, product_id) VALUES (39, '9689f1d7-cec7-40a3-a169-c3196b0e67a4.', 8);
INSERT INTO public.image (id, file_name, product_id) VALUES (40, '18f142be-c02d-4c1b-b03f-4526e137b493.', 8);
INSERT INTO public.image (id, file_name, product_id) VALUES (41, '39f10a34-4fac-484e-98bb-a6ac29d85408.Снимок экрана 2022-12-11 в 14.20.26.png', 9);
INSERT INTO public.image (id, file_name, product_id) VALUES (42, 'ce0b2f33-8d46-4c78-ba42-f2137f5bcf9e.', 9);
INSERT INTO public.image (id, file_name, product_id) VALUES (43, '6a85339c-6723-45cd-8eb1-f284364e4dae.', 9);
INSERT INTO public.image (id, file_name, product_id) VALUES (44, '45b5f184-1e0d-490b-9e33-a999b88f10ea.', 9);
INSERT INTO public.image (id, file_name, product_id) VALUES (45, 'da6ac440-8ff8-4c2d-9155-915b686e3cdf.', 9);
INSERT INTO public.image (id, file_name, product_id) VALUES (46, 'b8bf373f-0851-47dc-8650-501e92fecf04.Снимок экрана 2022-12-11 в 14.21.43.png', 10);
INSERT INTO public.image (id, file_name, product_id) VALUES (47, '5d583df0-d3dd-440f-a898-d08e43542989.', 10);
INSERT INTO public.image (id, file_name, product_id) VALUES (48, '11ca0138-8b14-42d0-b540-faf8f23d390a.', 10);
INSERT INTO public.image (id, file_name, product_id) VALUES (49, '8858ea53-feed-4cd3-90df-d45c2972672f.', 10);
INSERT INTO public.image (id, file_name, product_id) VALUES (50, '23c7732f-a14d-478e-9ab3-0218b2c094bb.', 10);
INSERT INTO public.image (id, file_name, product_id) VALUES (51, '73ba208a-c3f8-4809-beb9-448b9a6b0a7e.Снимок экрана 2022-12-11 в 14.23.46.png', 11);
INSERT INTO public.image (id, file_name, product_id) VALUES (52, '382dd85f-053b-443c-9648-2446d4b938b7.', 11);
INSERT INTO public.image (id, file_name, product_id) VALUES (53, 'e18621b5-e27a-4735-b0a5-54902ec2cf99.', 11);
INSERT INTO public.image (id, file_name, product_id) VALUES (54, '0f99acd8-c4f5-4f77-a7dd-4997e3153dde.', 11);
INSERT INTO public.image (id, file_name, product_id) VALUES (55, 'f61d79c8-447b-4aa5-a089-93844f7b2b4a.', 11);
INSERT INTO public.image (id, file_name, product_id) VALUES (56, 'aaf68f4d-637e-4380-b6c5-948e8f997a97.Снимок экрана 2022-12-11 в 14.25.04.png', 12);
INSERT INTO public.image (id, file_name, product_id) VALUES (57, 'f78bea56-70dc-4f8c-acbd-30c34c65d91a.', 12);
INSERT INTO public.image (id, file_name, product_id) VALUES (58, 'bfc09226-a56a-408b-b474-090ae12dc6af.', 12);
INSERT INTO public.image (id, file_name, product_id) VALUES (59, '21a25bb9-0813-41ce-8385-64013f1eafd2.', 12);
INSERT INTO public.image (id, file_name, product_id) VALUES (60, '02df40c1-5c81-48aa-8c32-f9adeab5da81.', 12);
INSERT INTO public.image (id, file_name, product_id) VALUES (61, '27b97c0d-cdd7-44c1-8f72-48ae4aaacc76.Снимок экрана 2022-12-11 в 14.26.32.png', 13);
INSERT INTO public.image (id, file_name, product_id) VALUES (62, '1ab2bdea-9dbd-4d6d-9c67-dccfca4b4e9e.', 13);
INSERT INTO public.image (id, file_name, product_id) VALUES (63, 'f6b21a38-8e65-4cb7-901b-1f6421137aac.', 13);
INSERT INTO public.image (id, file_name, product_id) VALUES (64, 'd1fded12-b755-479c-b795-226fac03e668.', 13);
INSERT INTO public.image (id, file_name, product_id) VALUES (65, 'c16ebd64-9b24-4d83-8b63-bb41dee1a635.', 13);
INSERT INTO public.image (id, file_name, product_id) VALUES (66, 'f6acfb83-2cf3-4256-80fb-96997d903b09.Снимок экрана 2022-12-11 в 14.27.56.png', 14);
INSERT INTO public.image (id, file_name, product_id) VALUES (67, '229aae54-0194-4e47-81ca-b5f0493f1fb8.', 14);
INSERT INTO public.image (id, file_name, product_id) VALUES (68, 'a521dab0-e105-41f7-92f1-162e7789abfc.', 14);
INSERT INTO public.image (id, file_name, product_id) VALUES (69, '9d50bec8-ea8b-48e7-bbe2-9052ecb414b1.', 14);
INSERT INTO public.image (id, file_name, product_id) VALUES (70, '2c592fa3-c48c-4fc3-bc4f-a6ee198acc35.', 14);
INSERT INTO public.image (id, file_name, product_id) VALUES (71, 'af920838-3f9c-4b06-b789-de5d621a47bb.Снимок экрана 2022-12-11 в 14.29.03.png', 15);
INSERT INTO public.image (id, file_name, product_id) VALUES (72, '9e1e92fd-792a-4d38-9532-9c4eb0ff2d40.', 15);
INSERT INTO public.image (id, file_name, product_id) VALUES (73, 'fb7265e3-5fd3-4771-9488-62549c6eda47.', 15);
INSERT INTO public.image (id, file_name, product_id) VALUES (74, '6a0cf2c4-ad39-4027-bc34-5e4dcf1ab690.', 15);
INSERT INTO public.image (id, file_name, product_id) VALUES (75, '2024960c-8849-43c5-a686-323a44503e3f.', 15);


--
-- TOC entry 3626 (class 0 OID 33013)
-- Dependencies: 220
-- Data for Name: orders; Type: TABLE DATA; Schema: public; Owner: postgres
--

INSERT INTO public.orders (id, count, date_time, number, price, status, person_id, product_id) VALUES (2, 1, '2022-12-11 22:58:04.70976', '27349662-46e9-4b29-9bca-5fa7c1537998', 278, 1, 1, 2);
INSERT INTO public.orders (id, count, date_time, number, price, status, person_id, product_id) VALUES (3, 1, '2022-12-12 19:16:49.92438', 'a75b5c56-8ad1-4e72-88c6-caf91a0c2639', 199, 1, 1, 1);
INSERT INTO public.orders (id, count, date_time, number, price, status, person_id, product_id) VALUES (4, 1, '2022-12-12 22:26:30.628117', '95375309-e8c5-4082-8e23-eada103594fe', 279, 1, 1, 4);
INSERT INTO public.orders (id, count, date_time, number, price, status, person_id, product_id) VALUES (6, 1, '2022-12-14 12:51:05.339119', 'bb1d7cdd-5f2f-4ac4-9c2c-4ba8f1dd3dc1', 199, 1, 1, 1);
INSERT INTO public.orders (id, count, date_time, number, price, status, person_id, product_id) VALUES (7, 1, '2022-12-14 12:54:31.495092', '568b88a2-d60c-4f79-be09-f5e4170cb759', 199, 1, 1, 1);
INSERT INTO public.orders (id, count, date_time, number, price, status, person_id, product_id) VALUES (8, 1, '2022-12-14 12:56:08.172362', '1264d892-be85-4119-b935-5281631a1448', 278, 1, 1, 2);
INSERT INTO public.orders (id, count, date_time, number, price, status, person_id, product_id) VALUES (9, 1, '2022-12-14 12:58:41.286744', 'b76819b5-b787-4b46-90ba-b077d1529a66', 199, 1, 1, 1);


--
-- TOC entry 3616 (class 0 OID 32847)
-- Dependencies: 210
-- Data for Name: person; Type: TABLE DATA; Schema: public; Owner: postgres
--

INSERT INTO public.person (id, login, password, role) VALUES (1, 'user_test', '$2a$10$ZinrnysvdUwCDRsjNfYvE.YOMZ1o8r7PPQMwj2hIYeS2ITEUxZIIy', 'ROLE_USER');
INSERT INTO public.person (id, login, password, role) VALUES (2, 'admin', '$2a$10$Y.Rf.AmwL75nHZt4TMOnsu5GUUxJ.kKLGfS7QhcYbLo.qOY6RZu5K', 'ROLE_ADMIN');
INSERT INTO public.person (id, login, password, role) VALUES (5, 'Pavlec', '$2a$10$dtvf6LuwT5HhWFId4rq3beM.CVF1afUxL/tQ4zPEB/E5DYDNo7Js2', 'ROLE_USER');


--
-- TOC entry 3622 (class 0 OID 32961)
-- Dependencies: 216
-- Data for Name: product; Type: TABLE DATA; Schema: public; Owner: postgres
--

INSERT INTO public.product (id, date_time_of_created, description, price, seller, title, warehouse, category_id) VALUES (1, '2022-12-11 13:54:39.859935', 'Нормализованное пастеризованное молоко, соль поваренная пищевая, закваска молочнокислых микроорганизмов, молокосвертывающего ферментный препарат микробного происхождения.
', 199, 'Castello', 'Сыр Castello Matured Havart', 'Калач, Россия', 1);
INSERT INTO public.product (id, date_time_of_created, description, price, seller, title, warehouse, category_id) VALUES (2, '2022-12-11 14:05:56.540362', 'Пастеризованное молоко, соль, уплотнитель хлорид кальция, молокосвертывающий ферментный препарат животного происхождения, бактериальная закваска мезофильных молочнокислых микроорганизмов, консервант нитрат натрия. Упаковочные газы: диоксид углерода, азот.', 278, 'Cheese gallery', 'Сыр Парме­зан Cheese Gallery 6 месяцев выдерж­ки', 'ООО «Пир-пак», Россия', 1);
INSERT INTO public.product (id, date_time_of_created, description, price, seller, title, warehouse, category_id) VALUES (3, '2022-12-11 14:09:36.264657', 'Пастеризованное молоко, соль, сычужный фермент животного происхождения.', 561, 'Margot Fromages', 'Сыр Грюйер Margot Fromages', 'Margot Fromages S.A., Швейцария', 1);
INSERT INTO public.product (id, date_time_of_created, description, price, seller, title, warehouse, category_id) VALUES (4, '2022-12-11 14:11:15.642094', 'Молоко пастеризованное, закваска термофильных и мезофильных молочнокислых микроорганизмов, соль пищевая, молокосвертывающий ферментный препарат микробного происхождения, консервант Е251.', 279, 'Sarmu', 'Сыр твёрдый Grumel Hard Extra Sarmu колотый', 'ТнВ «Сыр Стародубский», Россия', 1);
INSERT INTO public.product (id, date_time_of_created, description, price, seller, title, warehouse, category_id) VALUES (5, '2022-12-11 14:12:25.833411', 'Молоко цельное, соль, закваска молочнокислых бактерий, молокосвёртывающий ферментный препарат животного происхождения.', 361, 'Lime', 'Сыр Тет де Муан Lime розоч­ки', 'ООО «Продлайн», Россия', 1);
INSERT INTO public.product (id, date_time_of_created, description, price, seller, title, warehouse, category_id) VALUES (6, '2022-12-11 14:14:27.782047', 'Молоко пастеризованное, сыворотка молочная, соль пищевая.', 209, 'Предгорье Кавказа', 'Сыр Адыгей­ский Предго­рье Кавка­за', 'ООО «Тамбовский», Россия', 2);
INSERT INTO public.product (id, date_time_of_created, description, price, seller, title, warehouse, category_id) VALUES (7, '2022-12-11 14:16:10.27446', 'Молоко пастеризованное, соль пищевая, термофильные бактериальные закваски, молокосвертывающий ферментный препарат микробиального происхождения.', 209, 'Умалат', 'Сыр Сулугу­ни Умалат', 'АО «Унагранде Компани», Россия', 2);
INSERT INTO public.product (id, date_time_of_created, description, price, seller, title, warehouse, category_id) VALUES (8, '2022-12-11 14:17:22.713313', 'Молоко нормализованное пастеризованное, соль (содержит антислеживающий агент - ферроцианид калия), уплотнитель - хлорид кальция, бактериальная закваска мезофильных и термофильных микроорганизмов, молокосвертывающий фермент микробного происхождения.', 181, 'Bonfesto', 'Сыр Моцарел­ла Пицца Bonfesto', 'ОАО «Туровский молочный комбинат», Россия', 2);
INSERT INTO public.product (id, date_time_of_created, description, price, seller, title, warehouse, category_id) VALUES (9, '2022-12-11 14:20:35.614122', 'Нормализованное молоко, регулятор кислотности - лимонная кислота, с использованием молокосвертывающего ферментного препарата микробного происхождения; рассол (вода питьевая, пищевая соль).', 132, 'Galbani', 'Сыр моцарел­ла Galbani', '«Lactalis», Россия', 2);
INSERT INTO public.product (id, date_time_of_created, description, price, seller, title, warehouse, category_id) VALUES (10, '2022-12-11 14:21:53.212113', 'Молоко пастеризованное, сливки пастеризованные, соль пищевая, молокосвертывающий ферментный препарат микробного происхождения, регулятор кислотности – молочная кислота происхождения', 230, 'Микельанджело', 'Сыр Страча­телла Michelangelo', 'ЗАО «Микельанджело», Россия', 2);
INSERT INTO public.product (id, date_time_of_created, description, price, seller, title, warehouse, category_id) VALUES (11, '2022-12-11 14:23:57.865303', 'Молоко нормализованное, соль пищевая, молокосвертывающий фермент – препарат животного происхождения, заквасочная культура (термофильные и мезофильные молочнокислые микроорганизмы), культура голубой плесени Penicillium rogueforti, культура белой плесени Penicillium candidum, уплотнитель - хлорид кальция.', 265, 'Natura Selection', 'Сыр White&Blue Natura Selection', 'ООО «Жуковское молоко», Россия', 3);
INSERT INTO public.product (id, date_time_of_created, description, price, seller, title, warehouse, category_id) VALUES (12, '2022-12-11 14:25:19.982434', 'Молоко пастеризованное нормализованное, соль пищевая (в составе - агент антислеживающий Е536), уплотнитель хлорид кальция, молокосвертывающий ферментный препарат микробного происхождения, мезофильная бактериальная заквасочная культура, плесневая культура Penicillium roqueforti.', 228, 'Castello', 'Сыр Blue Classic Castello', 'ООО «Бобровский сырзавод», Россия', 3);
INSERT INTO public.product (id, date_time_of_created, description, price, seller, title, warehouse, category_id) VALUES (13, '2022-12-11 14:26:40.674882', 'Молоко цельное пастеризованное, заквасочная культура (термофильные микроорганизмы), культуры белой плесени (Penicillium сandidum, Geotrichum candidum), соль поваренная пищевая, ломтики оливок, молокосвертывающий ферментный препарат животного происхождения.', 195, 'Schonfeld', 'Сыр Камам­бер с оливка­ми Schonfeld', 'ООО «Тревиль», Россия', 3);
INSERT INTO public.product (id, date_time_of_created, description, price, seller, title, warehouse, category_id) VALUES (14, '2022-12-11 14:28:06.063611', 'Молоко нормализованное, соль, закваска термофильных молочнокислых микроорганизмов, молокосвертывающий ферментный препарат микробного происхождения, поверхностная микрофлора (Penicillium Candidum, Geotrichum Candidum).', 269, 'President', 'Сыр Petit Brie President', 'ООО «ЕМСК», Россия', 1);
INSERT INTO public.product (id, date_time_of_created, description, price, seller, title, warehouse, category_id) VALUES (15, '2022-12-11 14:29:12.40782', 'Молоко пастеризованное, соль, сливки, с использованием закваски (мезофильных и термофильных молочных микроорганизмов), культура белой плесени, молокосвертывающий ферментный препарат микробного происхождения, уплотнитель хлорид кальция.', 188, 'Vitalat', 'Сыр Камам­бер Vitalat', 'ООО «Мега-Мастер», Россия', 3);


--
-- TOC entry 3624 (class 0 OID 32997)
-- Dependencies: 218
-- Data for Name: product_cart; Type: TABLE DATA; Schema: public; Owner: postgres
--



--
-- TOC entry 3632 (class 0 OID 0)
-- Dependencies: 211
-- Name: category_id_seq; Type: SEQUENCE SET; Schema: public; Owner: postgres
--

SELECT pg_catalog.setval('public.category_id_seq', 3, true);


--
-- TOC entry 3633 (class 0 OID 0)
-- Dependencies: 213
-- Name: image_id_seq; Type: SEQUENCE SET; Schema: public; Owner: postgres
--

SELECT pg_catalog.setval('public.image_id_seq', 75, true);


--
-- TOC entry 3634 (class 0 OID 0)
-- Dependencies: 219
-- Name: orders_id_seq; Type: SEQUENCE SET; Schema: public; Owner: postgres
--

SELECT pg_catalog.setval('public.orders_id_seq', 9, true);


--
-- TOC entry 3635 (class 0 OID 0)
-- Dependencies: 209
-- Name: person_id_seq; Type: SEQUENCE SET; Schema: public; Owner: postgres
--

SELECT pg_catalog.setval('public.person_id_seq', 6, true);


--
-- TOC entry 3636 (class 0 OID 0)
-- Dependencies: 217
-- Name: product_cart_id_seq; Type: SEQUENCE SET; Schema: public; Owner: postgres
--

SELECT pg_catalog.setval('public.product_cart_id_seq', 18, true);


--
-- TOC entry 3637 (class 0 OID 0)
-- Dependencies: 215
-- Name: product_id_seq; Type: SEQUENCE SET; Schema: public; Owner: postgres
--

SELECT pg_catalog.setval('public.product_id_seq', 15, true);


--
-- TOC entry 3459 (class 2606 OID 32953)
-- Name: category category_pkey; Type: CONSTRAINT; Schema: public; Owner: postgres
--

ALTER TABLE ONLY public.category
    ADD CONSTRAINT category_pkey PRIMARY KEY (id);


--
-- TOC entry 3461 (class 2606 OID 32959)
-- Name: image image_pkey; Type: CONSTRAINT; Schema: public; Owner: postgres
--

ALTER TABLE ONLY public.image
    ADD CONSTRAINT image_pkey PRIMARY KEY (id);


--
-- TOC entry 3469 (class 2606 OID 33017)
-- Name: orders orders_pkey; Type: CONSTRAINT; Schema: public; Owner: postgres
--

ALTER TABLE ONLY public.orders
    ADD CONSTRAINT orders_pkey PRIMARY KEY (id);


--
-- TOC entry 3457 (class 2606 OID 32853)
-- Name: person person_pkey; Type: CONSTRAINT; Schema: public; Owner: postgres
--

ALTER TABLE ONLY public.person
    ADD CONSTRAINT person_pkey PRIMARY KEY (id);


--
-- TOC entry 3467 (class 2606 OID 33001)
-- Name: product_cart product_cart_pkey; Type: CONSTRAINT; Schema: public; Owner: postgres
--

ALTER TABLE ONLY public.product_cart
    ADD CONSTRAINT product_cart_pkey PRIMARY KEY (id);


--
-- TOC entry 3463 (class 2606 OID 32968)
-- Name: product product_pkey; Type: CONSTRAINT; Schema: public; Owner: postgres
--

ALTER TABLE ONLY public.product
    ADD CONSTRAINT product_pkey PRIMARY KEY (id);


--
-- TOC entry 3465 (class 2606 OID 32970)
-- Name: product uk_qka6vxqdy1dprtqnx9trdd47c; Type: CONSTRAINT; Schema: public; Owner: postgres
--

ALTER TABLE ONLY public.product
    ADD CONSTRAINT uk_qka6vxqdy1dprtqnx9trdd47c UNIQUE (title);


--
-- TOC entry 3474 (class 2606 OID 33018)
-- Name: orders fk1b0m4muwx1t377w9if3w6wwqn; Type: FK CONSTRAINT; Schema: public; Owner: postgres
--

ALTER TABLE ONLY public.orders
    ADD CONSTRAINT fk1b0m4muwx1t377w9if3w6wwqn FOREIGN KEY (person_id) REFERENCES public.person(id);


--
-- TOC entry 3471 (class 2606 OID 32976)
-- Name: product fk1mtsbur82frn64de7balymq9s; Type: FK CONSTRAINT; Schema: public; Owner: postgres
--

ALTER TABLE ONLY public.product
    ADD CONSTRAINT fk1mtsbur82frn64de7balymq9s FOREIGN KEY (category_id) REFERENCES public.category(id);


--
-- TOC entry 3475 (class 2606 OID 33023)
-- Name: orders fk787ibr3guwp6xobrpbofnv7le; Type: FK CONSTRAINT; Schema: public; Owner: postgres
--

ALTER TABLE ONLY public.orders
    ADD CONSTRAINT fk787ibr3guwp6xobrpbofnv7le FOREIGN KEY (product_id) REFERENCES public.product(id);


--
-- TOC entry 3470 (class 2606 OID 32971)
-- Name: image fkgpextbyee3uk9u6o2381m7ft1; Type: FK CONSTRAINT; Schema: public; Owner: postgres
--

ALTER TABLE ONLY public.image
    ADD CONSTRAINT fkgpextbyee3uk9u6o2381m7ft1 FOREIGN KEY (product_id) REFERENCES public.product(id);


--
-- TOC entry 3473 (class 2606 OID 33007)
-- Name: product_cart fkhpnrxdy3jhujameyod08ilvvw; Type: FK CONSTRAINT; Schema: public; Owner: postgres
--

ALTER TABLE ONLY public.product_cart
    ADD CONSTRAINT fkhpnrxdy3jhujameyod08ilvvw FOREIGN KEY (product_id) REFERENCES public.product(id);


--
-- TOC entry 3472 (class 2606 OID 33002)
-- Name: product_cart fksgnkc1ko2i1o9yr2p63ysq3rn; Type: FK CONSTRAINT; Schema: public; Owner: postgres
--

ALTER TABLE ONLY public.product_cart
    ADD CONSTRAINT fksgnkc1ko2i1o9yr2p63ysq3rn FOREIGN KEY (person_id) REFERENCES public.person(id);


-- Completed on 2022-12-14 15:45:05 MSK

--
-- PostgreSQL database dump complete
--

